class,picNum,picType
4,A (184),Alex
4,A (185),Alex
4,A (186),Alex
4,A (187),Alex
4,A (188),Alex
4,A (189),Alex
4,A (190),Alex
4,A (191),Alex
4,A (192),Alex
4,A (193),Alex
4,A (194),Alex
4,A (195),Alex
4,A (196),Alex
4,A (197),Alex
4,A (198),Alex
4,A (199),Alex
4,A (200),Alex
4,A (201),Alex
4,A (202),Alex
4,A (203),Alex
4,A (204),Alex
4,A (205),Alex
4,A (206),Alex
4,A (207),Alex
4,A (208),Alex
4,A (209),Alex
4,A (210),Alex
4,A (211),Alex
4,A (212),Alex
4,A (213),Alex
4,A (214),Alex
4,A (215),Alex
4,A (216),Alex
4,A (217),Alex
4,A (218),Alex
4,A (219),Alex
4,A (220),Alex
4,A (221),Alex
4,A (222),Alex
4,A (223),Alex
4,A (224),Alex
4,A (225),Alex
4,A (226),Alex
4,A (227),Alex
4,A (228),Alex
4,A (229),Alex
4,A (230),Alex
4,A (231),Alex
4,A (232),Alex
4,A (233),Alex
4,A (234),Alex
4,A (235),Alex
4,A (236),Alex
4,A (237),Alex
4,A (238),Alex
4,A (239),Alex
4,A (240),Alex
4,A (241),Alex
4,A (242),Alex
4,A (243),Alex
4,A (244),Alex
4,A (245),Alex
4,A (246),Alex
4,A (247),Alex
4,A (248),Alex
4,A (249),Alex
4,A (250),Alex
4,A (251),Alex
4,A (252),Alex
4,A (253),Alex
4,A (254),Alex
4,A (255),Alex
4,A (256),Alex
4,A (257),Alex
4,A (258),Alex
4,A (259),Alex
4,A (260),Alex
4,A (261),Alex
4,A (262),Alex
4,A (263),Alex
4,A (264),Alex
4,A (265),Alex
4,A (266),Alex
4,A (267),Alex
4,A (268),Alex
4,A (269),Alex
4,A (270),Alex
4,A (271),Alex
4,A (272),Alex
4,A (273),Alex
4,A (274),Alex
4,A (275),Alex
4,A (276),Alex
4,A (277),Alex
4,A (278),Alex
4,A (279),Alex
4,A (280),Alex
4,A (281),Alex
4,A (282),Alex
4,A (283),Alex
4,A (284),Alex
4,A (285),Alex
4,A (286),Alex
4,A (287),Alex
4,A (288),Alex
4,A (289),Alex
4,A (290),Alex
4,A (291),Alex
4,A (292),Alex
4,A (293),Alex
4,A (294),Alex
4,A (295),Alex
4,A (296),Alex
4,A (297),Alex
4,A (298),Alex
4,A (299),Alex
4,A (300),Alex
4,A (301),Alex
4,A (302),Alex
4,A (303),Alex
4,A (304),Alex
4,A (305),Alex
4,A (306),Alex
4,A (307),Alex
4,A (308),Alex
4,A (309),Alex
4,A (310),Alex
4,A (311),Alex
4,A (312),Alex
4,A (313),Alex
4,A (314),Alex
4,A (315),Alex
4,A (316),Alex
4,A (317),Alex
4,A (318),Alex
4,A (319),Alex
4,A (320),Alex
4,A (321),Alex
4,A (322),Alex
4,A (323),Alex
4,A (324),Alex
4,A (325),Alex
4,A (326),Alex
4,A (327),Alex
4,A (328),Alex
4,A (329),Alex
4,A (330),Alex
4,A (331),Alex
4,A (332),Alex
4,A (333),Alex
4,A (334),Alex
4,A (335),Alex
4,A (336),Alex
4,A (337),Alex
4,A (338),Alex
4,A (339),Alex
4,A (340),Alex
4,A (341),Alex
4,A (342),Alex
4,A (343),Alex
4,A (344),Alex
4,A (345),Alex
4,A (346),Alex
4,A (347),Alex
4,A (348),Alex
4,A (349),Alex
4,A (350),Alex
4,A (351),Alex
4,A (352),Alex
4,A (353),Alex
4,A (354),Alex
4,A (355),Alex
4,A (356),Alex
4,A (357),Alex
4,A (358),Alex
4,A (359),Alex
4,A (360),Alex
4,A (361),Alex
4,A (362),Alex
4,A (363),Alex
4,A (364),Alex
4,A (365),Alex
4,A (366),Alex
4,A (367),Alex
4,A (368),Alex
4,A (369),Alex
4,A (370),Alex
4,A (371),Alex
4,A (372),Alex
4,A (373),Alex
4,A (374),Alex
4,A (375),Alex
4,A (376),Alex
4,A (377),Alex
4,A (378),Alex
4,A (379),Alex
4,A (380),Alex
4,A (381),Alex
4,A (382),Alex
4,A (383),Alex
4,A (384),Alex
4,A (385),Alex
4,A (386),Alex
4,A (387),Alex
4,A (388),Alex
4,A (389),Alex
4,A (390),Alex
4,A (391),Alex
4,A (392),Alex
4,A (393),Alex
4,A (394),Alex
4,A (395),Alex
4,A (396),Alex
4,A (397),Alex
4,A (398),Alex
4,A (399),Alex
4,A (400),Alex
4,A (401),Alex
4,A (402),Alex
4,A (403),Alex
4,A (404),Alex
2,B (1000),Bjarke
2,B (1001),Bjarke
2,B (1002),Bjarke
2,B (1003),Bjarke
2,B (1004),Bjarke
2,B (1005),Bjarke
2,B (1006),Bjarke
2,B (1007),Bjarke
2,B (1008),Bjarke
2,B (1009),Bjarke
2,B (1010),Bjarke
2,B (1011),Bjarke
2,B (1012),Bjarke
2,B (1013),Bjarke
2,B (1014),Bjarke
2,B (1015),Bjarke
2,B (1016),Bjarke
2,B (1017),Bjarke
2,B (1018),Bjarke
2,B (812),Bjarke
2,B (813),Bjarke
2,B (814),Bjarke
2,B (815),Bjarke
2,B (816),Bjarke
2,B (817),Bjarke
2,B (818),Bjarke
2,B (819),Bjarke
2,B (820),Bjarke
2,B (821),Bjarke
2,B (822),Bjarke
2,B (823),Bjarke
2,B (824),Bjarke
2,B (825),Bjarke
2,B (826),Bjarke
2,B (827),Bjarke
2,B (828),Bjarke
2,B (829),Bjarke
2,B (830),Bjarke
2,B (831),Bjarke
2,B (832),Bjarke
2,B (833),Bjarke
2,B (834),Bjarke
2,B (835),Bjarke
2,B (836),Bjarke
2,B (837),Bjarke
2,B (838),Bjarke
2,B (839),Bjarke
2,B (840),Bjarke
2,B (841),Bjarke
2,B (842),Bjarke
2,B (843),Bjarke
2,B (844),Bjarke
2,B (845),Bjarke
2,B (846),Bjarke
2,B (847),Bjarke
2,B (848),Bjarke
2,B (849),Bjarke
2,B (850),Bjarke
2,B (851),Bjarke
2,B (852),Bjarke
2,B (853),Bjarke
2,B (854),Bjarke
2,B (855),Bjarke
2,B (856),Bjarke
2,B (857),Bjarke
2,B (858),Bjarke
2,B (859),Bjarke
2,B (860),Bjarke
2,B (861),Bjarke
2,B (862),Bjarke
2,B (863),Bjarke
2,B (864),Bjarke
2,B (865),Bjarke
2,B (866),Bjarke
2,B (867),Bjarke
2,B (868),Bjarke
2,B (869),Bjarke
2,B (870),Bjarke
2,B (871),Bjarke
2,B (872),Bjarke
2,B (873),Bjarke
2,B (874),Bjarke
2,B (875),Bjarke
2,B (876),Bjarke
2,B (877),Bjarke
2,B (878),Bjarke
2,B (879),Bjarke
2,B (880),Bjarke
2,B (881),Bjarke
2,B (882),Bjarke
2,B (883),Bjarke
2,B (884),Bjarke
2,B (885),Bjarke
2,B (886),Bjarke
2,B (887),Bjarke
2,B (888),Bjarke
2,B (889),Bjarke
2,B (890),Bjarke
2,B (891),Bjarke
2,B (892),Bjarke
2,B (893),Bjarke
2,B (894),Bjarke
2,B (895),Bjarke
2,B (896),Bjarke
2,B (897),Bjarke
2,B (898),Bjarke
2,B (899),Bjarke
2,B (900),Bjarke
2,B (901),Bjarke
2,B (902),Bjarke
2,B (903),Bjarke
2,B (904),Bjarke
2,B (905),Bjarke
2,B (906),Bjarke
2,B (907),Bjarke
2,B (908),Bjarke
2,B (909),Bjarke
2,B (910),Bjarke
2,B (911),Bjarke
2,B (912),Bjarke
2,B (913),Bjarke
2,B (914),Bjarke
2,B (915),Bjarke
2,B (916),Bjarke
2,B (917),Bjarke
2,B (918),Bjarke
2,B (919),Bjarke
2,B (920),Bjarke
2,B (921),Bjarke
2,B (922),Bjarke
2,B (923),Bjarke
2,B (924),Bjarke
2,B (925),Bjarke
2,B (926),Bjarke
2,B (927),Bjarke
2,B (928),Bjarke
2,B (929),Bjarke
2,B (930),Bjarke
2,B (931),Bjarke
2,B (932),Bjarke
2,B (933),Bjarke
2,B (934),Bjarke
2,B (935),Bjarke
2,B (936),Bjarke
2,B (937),Bjarke
2,B (938),Bjarke
2,B (939),Bjarke
2,B (940),Bjarke
2,B (941),Bjarke
2,B (942),Bjarke
2,B (943),Bjarke
2,B (944),Bjarke
2,B (945),Bjarke
2,B (946),Bjarke
2,B (947),Bjarke
2,B (948),Bjarke
2,B (949),Bjarke
2,B (950),Bjarke
2,B (951),Bjarke
2,B (952),Bjarke
2,B (953),Bjarke
2,B (954),Bjarke
2,B (955),Bjarke
2,B (956),Bjarke
2,B (957),Bjarke
2,B (958),Bjarke
2,B (959),Bjarke
2,B (960),Bjarke
2,B (961),Bjarke
2,B (962),Bjarke
2,B (963),Bjarke
2,B (964),Bjarke
2,B (965),Bjarke
2,B (966),Bjarke
2,B (967),Bjarke
2,B (968),Bjarke
2,B (969),Bjarke
2,B (970),Bjarke
2,B (971),Bjarke
2,B (972),Bjarke
2,B (973),Bjarke
2,B (974),Bjarke
2,B (975),Bjarke
2,B (976),Bjarke
2,B (977),Bjarke
2,B (978),Bjarke
2,B (979),Bjarke
2,B (980),Bjarke
2,B (981),Bjarke
2,B (982),Bjarke
2,B (983),Bjarke
2,B (984),Bjarke
2,B (985),Bjarke
2,B (986),Bjarke
2,B (987),Bjarke
2,B (988),Bjarke
2,B (989),Bjarke
2,B (990),Bjarke
2,B (991),Bjarke
2,B (992),Bjarke
2,B (993),Bjarke
2,B (994),Bjarke
2,B (995),Bjarke
2,B (996),Bjarke
2,B (997),Bjarke
2,B (998),Bjarke
2,B (999),Bjarke
1,G (511),Gabbi
1,G (512),Gabbi
1,G (513),Gabbi
1,G (518),Gabbi
1,G (519),Gabbi
1,G (520),Gabbi
1,G (521),Gabbi
1,G (522),Gabbi
1,G (523),Gabbi
1,G (524),Gabbi
1,G (525),Gabbi
1,G (526),Gabbi
1,G (527),Gabbi
1,G (528),Gabbi
1,G (529),Gabbi
1,G (530),Gabbi
1,G (531),Gabbi
1,G (532),Gabbi
1,G (533),Gabbi
1,G (534),Gabbi
1,G (535),Gabbi
1,G (536),Gabbi
1,G (537),Gabbi
1,G (538),Gabbi
1,G (539),Gabbi
1,G (540),Gabbi
1,G (541),Gabbi
1,G (542),Gabbi
1,G (543),Gabbi
1,G (544),Gabbi
1,G (545),Gabbi
1,G (546),Gabbi
1,G (547),Gabbi
1,G (548),Gabbi
1,G (549),Gabbi
1,G (550),Gabbi
1,G (551),Gabbi
1,G (552),Gabbi
1,G (553),Gabbi
1,G (554),Gabbi
1,G (555),Gabbi
1,G (556),Gabbi
1,G (557),Gabbi
1,G (558),Gabbi
1,G (559),Gabbi
1,G (560),Gabbi
1,G (561),Gabbi
1,G (562),Gabbi
1,G (563),Gabbi
1,G (564),Gabbi
1,G (565),Gabbi
1,G (566),Gabbi
1,G (567),Gabbi
1,G (568),Gabbi
1,G (569),Gabbi
1,G (570),Gabbi
1,G (571),Gabbi
1,G (572),Gabbi
1,G (573),Gabbi
1,G (574),Gabbi
1,G (575),Gabbi
1,G (576),Gabbi
1,G (577),Gabbi
1,G (578),Gabbi
1,G (579),Gabbi
1,G (580),Gabbi
1,G (581),Gabbi
1,G (582),Gabbi
1,G (583),Gabbi
1,G (584),Gabbi
1,G (585),Gabbi
1,G (586),Gabbi
1,G (587),Gabbi
1,G (588),Gabbi
1,G (589),Gabbi
1,G (590),Gabbi
1,G (591),Gabbi
1,G (592),Gabbi
1,G (593),Gabbi
1,G (594),Gabbi
1,G (595),Gabbi
1,G (596),Gabbi
1,G (597),Gabbi
1,G (598),Gabbi
1,G (599),Gabbi
1,G (600),Gabbi
1,G (601),Gabbi
1,G (602),Gabbi
1,G (603),Gabbi
1,G (604),Gabbi
1,G (605),Gabbi
1,G (606),Gabbi
1,G (607),Gabbi
1,G (608),Gabbi
1,G (609),Gabbi
1,G (610),Gabbi
1,G (611),Gabbi
1,G (612),Gabbi
1,G (613),Gabbi
1,G (614),Gabbi
1,G (615),Gabbi
1,G (616),Gabbi
1,G (617),Gabbi
1,G (618),Gabbi
1,G (619),Gabbi
1,G (620),Gabbi
1,G (621),Gabbi
1,G (622),Gabbi
1,G (623),Gabbi
1,G (624),Gabbi
1,G (625),Gabbi
1,G (626),Gabbi
1,G (627),Gabbi
1,G (628),Gabbi
1,G (629),Gabbi
1,G (630),Gabbi
1,G (631),Gabbi
1,G (632),Gabbi
1,G (633),Gabbi
1,G (634),Gabbi
1,G (635),Gabbi
1,G (636),Gabbi
1,G (637),Gabbi
1,G (638),Gabbi
1,G (639),Gabbi
1,G (640),Gabbi
1,G (641),Gabbi
1,G (642),Gabbi
1,G (643),Gabbi
1,G (644),Gabbi
1,G (645),Gabbi
1,G (646),Gabbi
1,G (647),Gabbi
1,G (648),Gabbi
1,G (649),Gabbi
1,G (650),Gabbi
1,G (651),Gabbi
1,G (652),Gabbi
1,G (653),Gabbi
1,G (654),Gabbi
1,G (655),Gabbi
1,G (656),Gabbi
1,G (657),Gabbi
1,G (658),Gabbi
1,G (659),Gabbi
1,G (660),Gabbi
1,G (661),Gabbi
1,G (662),Gabbi
1,G (663),Gabbi
1,G (664),Gabbi
1,G (665),Gabbi
1,G (666),Gabbi
1,G (667),Gabbi
1,G (668),Gabbi
1,G (669),Gabbi
1,G (670),Gabbi
1,G (671),Gabbi
1,G (672),Gabbi
1,G (673),Gabbi
1,G (674),Gabbi
1,G (675),Gabbi
1,G (676),Gabbi
1,G (677),Gabbi
1,G (678),Gabbi
1,G (679),Gabbi
1,G (680),Gabbi
1,G (681),Gabbi
1,G (682),Gabbi
1,G (683),Gabbi
1,G (684),Gabbi
1,G (685),Gabbi
1,G (686),Gabbi
1,G (687),Gabbi
1,G (688),Gabbi
1,G (689),Gabbi
1,G (690),Gabbi
1,G (691),Gabbi
1,G (692),Gabbi
1,G (693),Gabbi
1,G (694),Gabbi
1,G (695),Gabbi
1,G (696),Gabbi
1,G (697),Gabbi
1,G (698),Gabbi
1,G (699),Gabbi
1,G (700),Gabbi
1,G (701),Gabbi
1,G (702),Gabbi
1,G (703),Gabbi
1,G (704),Gabbi
1,G (705),Gabbi
1,G (706),Gabbi
1,G (707),Gabbi
1,G (708),Gabbi
1,G (709),Gabbi
1,G (710),Gabbi
1,G (711),Gabbi
1,G (712),Gabbi
1,G (713),Gabbi
1,G (714),Gabbi
1,G (715),Gabbi
1,G (716),Gabbi
1,G (717),Gabbi
1,G (718),Gabbi
1,G (719),Gabbi
1,G (720),Gabbi
1,G (721),Gabbi
1,G (722),Gabbi
1,G (723),Gabbi
1,G (724),Gabbi
3,M (511),Monica
3,M (512),Monica
3,M (513),Monica
3,M (514),Monica
3,M (515),Monica
3,M (516),Monica
3,M (517),Monica
3,M (518),Monica
3,M (519),Monica
3,M (520),Monica
3,M (521),Monica
3,M (522),Monica
3,M (523),Monica
3,M (524),Monica
3,M (525),Monica
3,M (526),Monica
3,M (527),Monica
3,M (528),Monica
3,M (529),Monica
3,M (530),Monica
3,M (531),Monica
3,M (532),Monica
3,M (533),Monica
3,M (534),Monica
3,M (535),Monica
3,M (536),Monica
3,M (537),Monica
3,M (538),Monica
3,M (539),Monica
3,M (540),Monica
3,M (541),Monica
3,M (542),Monica
3,M (543),Monica
3,M (544),Monica
3,M (545),Monica
3,M (546),Monica
3,M (547),Monica
3,M (548),Monica
3,M (549),Monica
3,M (550),Monica
3,M (551),Monica
3,M (552),Monica
3,M (553),Monica
3,M (554),Monica
3,M (555),Monica
3,M (556),Monica
3,M (557),Monica
3,M (558),Monica
3,M (559),Monica
3,M (560),Monica
3,M (561),Monica
3,M (562),Monica
3,M (563),Monica
3,M (564),Monica
3,M (565),Monica
3,M (566),Monica
3,M (567),Monica
3,M (568),Monica
3,M (569),Monica
3,M (570),Monica
3,M (571),Monica
3,M (572),Monica
3,M (573),Monica
3,M (574),Monica
3,M (575),Monica
3,M (576),Monica
3,M (577),Monica
3,M (578),Monica
3,M (579),Monica
3,M (580),Monica
3,M (581),Monica
3,M (582),Monica
3,M (583),Monica
3,M (584),Monica
3,M (585),Monica
3,M (586),Monica
3,M (587),Monica
3,M (588),Monica
3,M (589),Monica
3,M (590),Monica
3,M (591),Monica
3,M (592),Monica
3,M (593),Monica
3,M (594),Monica
3,M (595),Monica
3,M (596),Monica
3,M (597),Monica
3,M (598),Monica
3,M (599),Monica
3,M (600),Monica
3,M (601),Monica
3,M (602),Monica
3,M (603),Monica
3,M (604),Monica
3,M (605),Monica
3,M (606),Monica
3,M (607),Monica
3,M (608),Monica
3,M (609),Monica
3,M (610),Monica
3,M (611),Monica
3,M (612),Monica
3,M (613),Monica
3,M (614),Monica
3,M (615),Monica
3,M (616),Monica
3,M (617),Monica
3,M (618),Monica
3,M (619),Monica
3,M (620),Monica
3,M (621),Monica
3,M (622),Monica
3,M (623),Monica
3,M (624),Monica
3,M (625),Monica
3,M (626),Monica
3,M (627),Monica
3,M (628),Monica
3,M (629),Monica
3,M (630),Monica
3,M (631),Monica
3,M (632),Monica
3,M (633),Monica
3,M (634),Monica
3,M (635),Monica
3,M (636),Monica
3,M (637),Monica
3,M (638),Monica
3,M (639),Monica
3,M (640),Monica
3,M (641),Monica
3,M (642),Monica
3,M (643),Monica
3,M (644),Monica
3,M (645),Monica
3,M (646),Monica
3,M (647),Monica
3,M (648),Monica
3,M (649),Monica
3,M (650),Monica
3,M (651),Monica
3,M (652),Monica
3,M (653),Monica
3,M (654),Monica
3,M (655),Monica
3,M (656),Monica
3,M (657),Monica
3,M (658),Monica
3,M (659),Monica
3,M (660),Monica
3,M (661),Monica
3,M (662),Monica
3,M (663),Monica
3,M (664),Monica
3,M (665),Monica
3,M (666),Monica
3,M (667),Monica
3,M (668),Monica
3,M (669),Monica
3,M (670),Monica
3,M (671),Monica
3,M (672),Monica
3,M (673),Monica
3,M (674),Monica
3,M (675),Monica
3,M (676),Monica
3,M (677),Monica
3,M (678),Monica
3,M (679),Monica
3,M (680),Monica
3,M (681),Monica
3,M (682),Monica
3,M (683),Monica
3,M (684),Monica
3,M (685),Monica
3,M (686),Monica
3,M (687),Monica
3,M (688),Monica
3,M (689),Monica
3,M (690),Monica
3,M (691),Monica
3,M (692),Monica
3,M (693),Monica
3,M (694),Monica
3,M (695),Monica
3,M (696),Monica
3,M (697),Monica
3,M (698),Monica
3,M (699),Monica
3,M (700),Monica
3,M (701),Monica
3,M (702),Monica
3,M (703),Monica
3,M (704),Monica
3,M (705),Monica
3,M (706),Monica
3,M (707),Monica
3,M (708),Monica
3,M (709),Monica
3,M (710),Monica
3,M (711),Monica
3,M (712),Monica
3,M (713),Monica
3,M (714),Monica
3,M (715),Monica
3,M (716),Monica
3,M (717),Monica
3,M (718),Monica
3,M (719),Monica
0,W (684),Wenche
0,W (685),Wenche
0,W (686),Wenche
0,W (687),Wenche
0,W (688),Wenche
0,W (689),Wenche
0,W (690),Wenche
0,W (691),Wenche
0,W (692),Wenche
0,W (693),Wenche
0,W (694),Wenche
0,W (695),Wenche
0,W (696),Wenche
0,W (697),Wenche
0,W (698),Wenche
0,W (699),Wenche
0,W (700),Wenche
0,W (701),Wenche
0,W (702),Wenche
0,W (703),Wenche
0,W (704),Wenche
0,W (705),Wenche
0,W (706),Wenche
0,W (707),Wenche
0,W (708),Wenche
0,W (709),Wenche
0,W (710),Wenche
0,W (711),Wenche
0,W (712),Wenche
0,W (713),Wenche
0,W (714),Wenche
0,W (715),Wenche
0,W (716),Wenche
0,W (717),Wenche
0,W (718),Wenche
0,W (719),Wenche
0,W (720),Wenche
0,W (721),Wenche
0,W (722),Wenche
0,W (723),Wenche
0,W (724),Wenche
0,W (725),Wenche
0,W (726),Wenche
0,W (727),Wenche
0,W (728),Wenche
0,W (729),Wenche
0,W (730),Wenche
0,W (731),Wenche
0,W (732),Wenche
0,W (733),Wenche
0,W (734),Wenche
0,W (735),Wenche
0,W (736),Wenche
0,W (737),Wenche
0,W (738),Wenche
0,W (739),Wenche
0,W (740),Wenche
0,W (741),Wenche
0,W (742),Wenche
0,W (743),Wenche
0,W (744),Wenche
0,W (745),Wenche
0,W (746),Wenche
0,W (747),Wenche
0,W (748),Wenche
0,W (749),Wenche
0,W (750),Wenche
0,W (751),Wenche
0,W (752),Wenche
0,W (753),Wenche
0,W (754),Wenche
0,W (755),Wenche
0,W (756),Wenche
0,W (757),Wenche
0,W (758),Wenche
0,W (759),Wenche
0,W (760),Wenche
0,W (761),Wenche
0,W (762),Wenche
0,W (763),Wenche
0,W (764),Wenche
0,W (765),Wenche
0,W (766),Wenche
0,W (767),Wenche
0,W (768),Wenche
0,W (769),Wenche
0,W (770),Wenche
0,W (771),Wenche
0,W (772),Wenche
0,W (773),Wenche
0,W (774),Wenche
0,W (775),Wenche
0,W (776),Wenche
0,W (777),Wenche
0,W (778),Wenche
0,W (779),Wenche
0,W (780),Wenche
0,W (781),Wenche
0,W (782),Wenche
0,W (783),Wenche
0,W (784),Wenche
0,W (785),Wenche
0,W (786),Wenche
0,W (787),Wenche
0,W (788),Wenche
0,W (789),Wenche
0,W (790),Wenche
0,W (791),Wenche
0,W (792),Wenche
0,W (793),Wenche
0,W (794),Wenche
0,W (795),Wenche
0,W (796),Wenche
0,W (797),Wenche
0,W (798),Wenche
0,W (799),Wenche
0,W (800),Wenche
0,W (801),Wenche
0,W (802),Wenche
0,W (803),Wenche
0,W (804),Wenche
0,W (805),Wenche
0,W (806),Wenche
0,W (807),Wenche
0,W (808),Wenche
0,W (809),Wenche
0,W (810),Wenche
0,W (811),Wenche
0,W (812),Wenche
0,W (813),Wenche
0,W (814),Wenche
0,W (815),Wenche
0,W (816),Wenche
0,W (817),Wenche
0,W (818),Wenche
0,W (819),Wenche
0,W (820),Wenche
0,W (821),Wenche
0,W (822),Wenche
0,W (823),Wenche
0,W (824),Wenche
0,W (825),Wenche
0,W (826),Wenche
0,W (827),Wenche
0,W (828),Wenche
0,W (829),Wenche
0,W (830),Wenche
0,W (831),Wenche
0,W (832),Wenche
0,W (833),Wenche
0,W (834),Wenche
0,W (835),Wenche
0,W (836),Wenche
0,W (837),Wenche
0,W (838),Wenche
0,W (839),Wenche
0,W (840),Wenche
0,W (841),Wenche
0,W (842),Wenche
0,W (843),Wenche
0,W (844),Wenche
0,W (845),Wenche
0,W (846),Wenche
0,W (847),Wenche
0,W (848),Wenche
0,W (849),Wenche
0,W (850),Wenche
0,W (851),Wenche
0,W (852),Wenche
0,W (853),Wenche
0,W (854),Wenche
0,W (855),Wenche
0,W (856),Wenche
0,W (857),Wenche
0,W (858),Wenche
0,W (859),Wenche
0,W (860),Wenche
0,W (861),Wenche
0,W (862),Wenche
0,W (863),Wenche
0,W (864),Wenche
0,W (865),Wenche
0,W (866),Wenche
0,W (867),Wenche
0,W (868),Wenche
0,W (869),Wenche
0,W (870),Wenche
0,W (871),Wenche
0,W (872),Wenche
0,W (873),Wenche
0,W (874),Wenche
0,W (875),Wenche
0,W (876),Wenche
0,W (877),Wenche
0,W (878),Wenche
0,W (879),Wenche
0,W (880),Wenche
0,W (881),Wenche
0,W (882),Wenche
0,W (883),Wenche
0,W (884),Wenche
0,W (885),Wenche
0,W (886),Wenche
0,W (887),Wenche
0,W (888),Wenche
0,W (889),Wenche
0,W (890),Wenche
0,W (891),Wenche
0,W (892),Wenche
0,W (893),Wenche
